{
    "dateTimeFormat": "yyyy-MM-dd HH:mm:ss", 
    "id": 30002746368, 
    "inputSetting": { }, 
    "manufacturerOrderList": [
        {
            "code": "29471539712", 
            "delayDays": 10, 
            "id": "29471539712", 
            "name": "TC-100-20220301-生产计划", 
            "priority": 2, 
            "product": {
                "code": "1665478549256", 
                "id": "1665478549256", 
                "name": "TC-100-20220301", 
                "stepList": [
                    {
                        "code": "打孔123", 
                        "id": "29410924844", 
                        "name": "打孔", 
                        "resourceRequirementList": [
                            {
                                "id": "29410924800", 
                                "requirement": 1, 
                                "resourceId": "打孔"
                            }
                        ], 
                        "taskList": [
                            {
                                "code": "打孔_打孔123", 
                                "id": "29410924845-0", 
                                "layerNum": 0, 
                                "speed": 50, 
                                "taskType": 0, 
                                "unit": 0
                            }, 
                            {
                                "code": "打孔_打孔123", 
                                "id": "29410924846-0", 
                                "layerNum": 1, 
                                "speed": 50, 
                                "taskType": 0, 
                                "unit": 0
                            }
                        ]
                    }, 
                    {
                        "code": "打孔质检", 
                        "id": "29410924847", 
                        "name": "质检", 
                        "resourceRequirementList": [
                            {
                                "id": "29410924808", 
                                "requirement": 1, 
                                "resourceId": "质检"
                            }
                        ], 
                        "taskList": [
                            {
                                "code": "质检_打孔质检", 
                                "id": "29410924848-0", 
                                "layerNum": 0, 
                                "speed": 500, 
                                "taskType": 0, 
                                "unit": 0
                            }, 
                            {
                                "code": "质检_打孔质检", 
                                "id": "29410924849-0", 
                                "layerNum": 1, 
                                "speed": 500, 
                                "taskType": 0, 
                                "unit": 0
                            }
                        ]
                    }, 
                    {
                        "code": "填孔", 
                        "id": "29410924850", 
                        "name": "填孔", 
                        "resourceRequirementList": [
                            {
                                "id": "29410924801", 
                                "requirement": 1, 
                                "resourceId": "填孔"
                            }
                        ], 
                        "taskList": [
                            {
                                "code": "填孔_填孔", 
                                "id": "29410924851-0", 
                                "layerNum": 0, 
                                "speed": 100, 
                                "taskType": 0, 
                                "unit": 0
                            }, 
                            {
                                "code": "填孔_填孔", 
                                "id": "29410924852-0", 
                                "layerNum": 1, 
                                "speed": 100, 
                                "taskType": 0, 
                                "unit": 0
                            }
                        ]
                    }, 
                    {
                        "code": "填孔烘干", 
                        "id": "29410924853", 
                        "name": "烘干", 
                        "resourceRequirementList": [
                            {
                                "id": "29410924803", 
                                "requirement": 1, 
                                "resourceId": "烘干"
                            }
                        ], 
                        "taskList": [
                            {
                                "code": "烘干_填孔烘干", 
                                "id": "29410924854-0", 
                                "layerNum": 0, 
                                "speed": 200, 
                                "taskType": 0, 
                                "unit": 0
                            }, 
                            {
                                "code": "烘干_填孔烘干", 
                                "id": "29410924855-0", 
                                "layerNum": 1, 
                                "speed": 200, 
                                "taskType": 0, 
                                "unit": 0
                            }
                        ]
                    }, 
                    {
                        "code": "填孔烘干质检", 
                        "id": "29410924856", 
                        "name": "质检", 
                        "resourceRequirementList": [
                            {
                                "id": "29410924808", 
                                "requirement": 1, 
                                "resourceId": "质检"
                            }
                        ], 
                        "taskList": [
                            {
                                "code": "质检_填孔烘干质检", 
                                "id": "29410924857-0", 
                                "layerNum": 0, 
                                "speed": 500, 
                                "taskType": 0, 
                                "unit": 0
                            }, 
                            {
                                "code": "质检_填孔烘干质检", 
                                "id": "29410924858-0", 
                                "layerNum": 1, 
                                "speed": 500, 
                                "taskType": 0, 
                                "unit": 0
                            }
                        ]
                    }, 
                    {
                        "code": "压平", 
                        "id": "29410924859", 
                        "name": "压平", 
                        "resourceRequirementList": [
                            {
                                "id": "29410924802", 
                                "requirement": 1, 
                                "resourceId": "压平"
                            }
                        ], 
                        "taskList": [
                            {
                                "code": "压平_压平", 
                                "id": "29410924860-0", 
                                "layerNum": 0, 
                                "speed": 160, 
                                "taskType": 0, 
                                "unit": 0
                            }, 
                            {
                                "code": "压平_压平", 
                                "id": "29410924861-0", 
                                "layerNum": 1, 
                                "speed": 160, 
                                "taskType": 0, 
                                "unit": 0
                            }
                        ]
                    }, 
                    {
                        "code": "压平质检", 
                        "id": "29410924862", 
                        "name": "质检", 
                        "resourceRequirementList": [
                            {
                                "id": "29410924808", 
                                "requirement": 1, 
                                "resourceId": "质检"
                            }
                        ], 
                        "taskList": [
                            {
                                "code": "质检_压平质检", 
                                "id": "29410924863-0", 
                                "layerNum": 0, 
                                "speed": 500, 
                                "taskType": 0, 
                                "unit": 0
                            }, 
                            {
                                "code": "质检_压平质检", 
                                "id": "29410924864-0", 
                                "layerNum": 1, 
                                "speed": 500, 
                                "taskType": 0, 
                                "unit": 0
                            }
                        ]
                    }
                ]
            }, 
            "quantity": 200, 
            "type": 0
        }, 
        {
            "code": "29471539713", 
            "delayDays": 0, 
            "id": "29471539713", 
            "name": "TC-100-20220301-样品1-生产计划", 
            "priority": 2, 
            "product": {
                "code": "1665478549256", 
                "id": "1665478549256", 
                "name": "TC-100-20220301", 
                "stepList": [
                    {
                        "code": "打孔133", 
                        "id": "29427074075", 
                        "name": "打孔", 
                        "resourceRequirementList": [
                            {
                                "id": "29410924800", 
                                "requirement": 1, 
                                "resourceId": "打孔"
                            }
                        ], 
                        "taskList": [
                            {
                                "code": "打孔_打孔133", 
                                "id": "29427074076-1", 
                                "layerNum": 0, 
                                "speed": 50, 
                                "taskType": 0, 
                                "unit": 0
                            }, 
                            {
                                "code": "打孔_打孔133", 
                                "id": "29427074077-1", 
                                "layerNum": 1, 
                                "speed": 50, 
                                "taskType": 0, 
                                "unit": 0
                            }
                        ]
                    }, 
                    {
                        "code": "打孔质检", 
                        "id": "29427074078", 
                        "name": "质检", 
                        "resourceRequirementList": [
                            {
                                "id": "29410924808", 
                                "requirement": 1, 
                                "resourceId": "质检"
                            }
                        ], 
                        "taskList": [
                            {
                                "code": "质检_打孔质检", 
                                "id": "29427074079-1", 
                                "layerNum": 0, 
                                "speed": 500, 
                                "taskType": 0, 
                                "unit": 0
                            }, 
                            {
                                "code": "质检_打孔质检", 
                                "id": "29427074080-1", 
                                "layerNum": 1, 
                                "speed": 500, 
                                "taskType": 0, 
                                "unit": 0
                            }
                        ]
                    }, 
                    {
                        "code": "填孔", 
                        "id": "29427074081", 
                        "name": "填孔", 
                        "resourceRequirementList": [
                            {
                                "id": "29410924801", 
                                "requirement": 1, 
                                "resourceId": "填孔"
                            }
                        ], 
                        "taskList": [
                            {
                                "code": "填孔_填孔", 
                                "id": "29427074082-1", 
                                "layerNum": 0, 
                                "speed": 100, 
                                "taskType": 0, 
                                "unit": 0
                            }, 
                            {
                                "code": "填孔_填孔", 
                                "id": "29427074083-1", 
                                "layerNum": 1, 
                                "speed": 100, 
                                "taskType": 0, 
                                "unit": 0
                            }
                        ]
                    }, 
                    {
                        "code": "填孔烘干", 
                        "id": "29427074084", 
                        "name": "烘干", 
                        "resourceRequirementList": [
                            {
                                "id": "29410924803", 
                                "requirement": 1, 
                                "resourceId": "烘干"
                            }
                        ], 
                        "taskList": [
                            {
                                "code": "烘干_填孔烘干", 
                                "id": "29427074085-1", 
                                "layerNum": 0, 
                                "speed": 200, 
                                "taskType": 0, 
                                "unit": 0
                            }, 
                            {
                                "code": "烘干_填孔烘干", 
                                "id": "29427074086-1", 
                                "layerNum": 1, 
                                "speed": 200, 
                                "taskType": 0, 
                                "unit": 0
                            }
                        ]
                    }, 
                    {
                        "code": "填孔烘干质检", 
                        "id": "29427074087", 
                        "name": "质检", 
                        "resourceRequirementList": [
                            {
                                "id": "29410924808", 
                                "requirement": 1, 
                                "resourceId": "质检"
                            }
                        ], 
                        "taskList": [
                            {
                                "code": "质检_填孔烘干质检", 
                                "id": "29427074088-1", 
                                "layerNum": 0, 
                                "speed": 500, 
                                "taskType": 0, 
                                "unit": 0
                            }, 
                            {
                                "code": "质检_填孔烘干质检", 
                                "id": "29427074089-1", 
                                "layerNum": 1, 
                                "speed": 500, 
                                "taskType": 0, 
                                "unit": 0
                            }
                        ]
                    }, 
                    {
                        "code": "压平", 
                        "id": "29427074090", 
                        "name": "压平", 
                        "resourceRequirementList": [
                            {
                                "id": "29410924802", 
                                "requirement": 1, 
                                "resourceId": "压平"
                            }
                        ], 
                        "taskList": [
                            {
                                "code": "压平_压平", 
                                "id": "29427074091-1", 
                                "layerNum": 0, 
                                "speed": 160, 
                                "taskType": 0, 
                                "unit": 0
                            }, 
                            {
                                "code": "压平_压平", 
                                "id": "29427074092-1", 
                                "layerNum": 1, 
                                "speed": 160, 
                                "taskType": 0, 
                                "unit": 0
                            }
                        ]
                    }, 
                    {
                        "code": "压平质检", 
                        "id": "29427074093", 
                        "name": "质检", 
                        "resourceRequirementList": [
                            {
                                "id": "29410924808", 
                                "requirement": 1, 
                                "resourceId": "质检"
                            }
                        ], 
                        "taskList": [
                            {
                                "code": "质检_压平质检", 
                                "id": "29427074094-1", 
                                "layerNum": 0, 
                                "speed": 500, 
                                "taskType": 0, 
                                "unit": 0
                            }, 
                            {
                                "code": "质检_压平质检", 
                                "id": "29427074095-1", 
                                "layerNum": 1, 
                                "speed": 500, 
                                "taskType": 0, 
                                "unit": 0
                            }
                        ]
                    }, 
                    {
                        "code": "印刷", 
                        "id": "29427074096", 
                        "name": "印刷", 
                        "resourceRequirementList": [
                            {
                                "id": "29410924804", 
                                "requirement": 1, 
                                "resourceId": "印刷"
                            }
                        ], 
                        "taskList": [
                            {
                                "code": "印刷_印刷", 
                                "id": "29427074098-1", 
                                "layerNum": 0, 
                                "speed": 200, 
                                "taskType": 0, 
                                "unit": 0
                            }
                        ]
                    }, 
                    {
                        "code": "印刷烘干", 
                        "id": "29427074099", 
                        "name": "烘干", 
                        "resourceRequirementList": [
                            {
                                "id": "29410924803", 
                                "requirement": 1, 
                                "resourceId": "烘干"
                            }
                        ], 
                        "taskList": [
                            {
                                "code": "烘干_印刷烘干", 
                                "id": "29427074100-1", 
                                "layerNum": 0, 
                                "speed": 200, 
                                "taskType": 0, 
                                "unit": 0
                            }, 
                            {
                                "code": "烘干_印刷烘干", 
                                "id": "29427074101-1", 
                                "layerNum": 1, 
                                "speed": 200, 
                                "taskType": 0, 
                                "unit": 0
                            }
                        ]
                    }, 
                    {
                        "code": "印刷烘干质检", 
                        "id": "29427074102", 
                        "name": "质检", 
                        "resourceRequirementList": [
                            {
                                "id": "29410924808", 
                                "requirement": 1, 
                                "resourceId": "质检"
                            }
                        ], 
                        "taskList": [
                            {
                                "code": "质检_印刷烘干质检", 
                                "id": "29427074103-1", 
                                "layerNum": 0, 
                                "speed": 500, 
                                "taskType": 0, 
                                "unit": 0
                            }, 
                            {
                                "code": "质检_印刷烘干质检", 
                                "id": "29427074104-1", 
                                "layerNum": 1, 
                                "speed": 500, 
                                "taskType": 0, 
                                "unit": 0
                            }
                        ]
                    }, 
                    {
                        "code": "叠片", 
                        "id": "29427074105", 
                        "name": "叠片", 
                        "resourceRequirementList": [
                            {
                                "id": "29410924805", 
                                "requirement": 1, 
                                "resourceId": "叠片"
                            }
                        ], 
                        "taskList": [
                            {
                                "code": "叠片_叠片", 
                                "id": "29427074106-1", 
                                "layerNum": 0, 
                                "relatedLayer": "0,1", 
                                "speed": 120, 
                                "taskType": 1, 
                                "unit": 1
                            }
                        ]
                    }, 
                    {
                        "code": "叠片质检", 
                        "id": "29427074107", 
                        "name": "质检", 
                        "resourceRequirementList": [
                            {
                                "id": "29410924808", 
                                "requirement": 1, 
                                "resourceId": "质检"
                            }
                        ], 
                        "taskList": [
                            {
                                "code": "质检_叠片质检", 
                                "id": "29427074108-1", 
                                "layerNum": 0, 
                                "speed": 500, 
                                "taskType": 0, 
                                "unit": 0
                            }
                        ]
                    }, 
                    {
                        "code": "层压", 
                        "id": "29427074109", 
                        "name": "层压", 
                        "resourceRequirementList": [
                            {
                                "id": "29410924806", 
                                "requirement": 1, 
                                "resourceId": "层压"
                            }
                        ], 
                        "taskList": [
                            {
                                "code": "层压_层压", 
                                "id": "29427074110-1", 
                                "layerNum": 0, 
                                "speed": 200, 
                                "taskType": 0, 
                                "unit": 0
                            }
                        ]
                    }, 
                    {
                        "code": "层压质检", 
                        "id": "29427074111", 
                        "name": "质检", 
                        "resourceRequirementList": [
                            {
                                "id": "29410924808", 
                                "requirement": 1, 
                                "resourceId": "质检"
                            }
                        ], 
                        "taskList": [
                            {
                                "code": "质检_层压质检", 
                                "id": "29427074112-1", 
                                "layerNum": 0, 
                                "speed": 500, 
                                "taskType": 0, 
                                "unit": 0
                            }
                        ]
                    }, 
                    {
                        "code": "热切", 
                        "id": "29427074113", 
                        "name": "热切", 
                        "resourceRequirementList": [
                            {
                                "id": "29410924807", 
                                "requirement": 1, 
                                "resourceId": "热切"
                            }
                        ], 
                        "taskList": [
                            {
                                "code": "热切_热切", 
                                "id": "29427074114-1", 
                                "layerNum": 0, 
                                "speed": 150, 
                                "taskType": 0, 
                                "unit": 0
                            }
                        ]
                    }
                ]
            }, 
            "quantity": 2, 
            "relatedManufactureOrderId": "29471539712", 
            "type": 1
        }, 
        {
            "code": "29603474945", 
            "delayDays": 10, 
            "id": "29603474945", 
            "name": "TC-100-20220302-生产计划", 
            "priority": 0, 
            "product": {
                "code": "1666073013796", 
                "id": "1666073013796", 
                "name": "TC-100-20220302", 
                "stepList": [
                    {
                        "code": "打孔123", 
                        "id": "29410924844", 
                        "name": "打孔", 
                        "resourceRequirementList": [
                            {
                                "id": "29410924800", 
                                "requirement": 1, 
                                "resourceId": "打孔"
                            }
                        ], 
                        "taskList": [
                            {
                                "code": "打孔_打孔123", 
                                "id": "29410924845-2", 
                                "layerNum": 0, 
                                "speed": 50, 
                                "taskType": 0, 
                                "unit": 0
                            }, 
                            {
                                "code": "打孔_打孔123", 
                                "id": "29410924846-2", 
                                "layerNum": 1, 
                                "speed": 50, 
                                "taskType": 0, 
                                "unit": 0
                            }
                        ]
                    }, 
                    {
                        "code": "打孔质检", 
                        "id": "29410924847", 
                        "name": "质检", 
                        "resourceRequirementList": [
                            {
                                "id": "29410924808", 
                                "requirement": 1, 
                                "resourceId": "质检"
                            }
                        ], 
                        "taskList": [
                            {
                                "code": "质检_打孔质检", 
                                "id": "29410924848-2", 
                                "layerNum": 0, 
                                "speed": 500, 
                                "taskType": 0, 
                                "unit": 0
                            }, 
                            {
                                "code": "质检_打孔质检", 
                                "id": "29410924849-2", 
                                "layerNum": 1, 
                                "speed": 500, 
                                "taskType": 0, 
                                "unit": 0
                            }
                        ]
                    }, 
                    {
                        "code": "填孔", 
                        "id": "29410924850", 
                        "name": "填孔", 
                        "resourceRequirementList": [
                            {
                                "id": "29410924801", 
                                "requirement": 1, 
                                "resourceId": "填孔"
                            }
                        ], 
                        "taskList": [
                            {
                                "code": "填孔_填孔", 
                                "id": "29410924851-2", 
                                "layerNum": 0, 
                                "speed": 100, 
                                "taskType": 0, 
                                "unit": 0
                            }, 
                            {
                                "code": "填孔_填孔", 
                                "id": "29410924852-2", 
                                "layerNum": 1, 
                                "speed": 100, 
                                "taskType": 0, 
                                "unit": 0
                            }
                        ]
                    }, 
                    {
                        "code": "填孔烘干", 
                        "id": "29410924853", 
                        "name": "烘干", 
                        "resourceRequirementList": [
                            {
                                "id": "29410924803", 
                                "requirement": 1, 
                                "resourceId": "烘干"
                            }
                        ], 
                        "taskList": [
                            {
                                "code": "烘干_填孔烘干", 
                                "id": "29410924854-2", 
                                "layerNum": 0, 
                                "speed": 200, 
                                "taskType": 0, 
                                "unit": 0
                            }, 
                            {
                                "code": "烘干_填孔烘干", 
                                "id": "29410924855-2", 
                                "layerNum": 1, 
                                "speed": 200, 
                                "taskType": 0, 
                                "unit": 0
                            }
                        ]
                    }, 
                    {
                        "code": "填孔烘干质检", 
                        "id": "29410924856", 
                        "name": "质检", 
                        "resourceRequirementList": [
                            {
                                "id": "29410924808", 
                                "requirement": 1, 
                                "resourceId": "质检"
                            }
                        ], 
                        "taskList": [
                            {
                                "code": "质检_填孔烘干质检", 
                                "id": "29410924857-2", 
                                "layerNum": 0, 
                                "speed": 500, 
                                "taskType": 0, 
                                "unit": 0
                            }, 
                            {
                                "code": "质检_填孔烘干质检", 
                                "id": "29410924858-2", 
                                "layerNum": 1, 
                                "speed": 500, 
                                "taskType": 0, 
                                "unit": 0
                            }
                        ]
                    }, 
                    {
                        "code": "压平", 
                        "id": "29410924859", 
                        "name": "压平", 
                        "resourceRequirementList": [
                            {
                                "id": "29410924802", 
                                "requirement": 1, 
                                "resourceId": "压平"
                            }
                        ], 
                        "taskList": [
                            {
                                "code": "压平_压平", 
                                "id": "29410924860-2", 
                                "layerNum": 0, 
                                "speed": 160, 
                                "taskType": 0, 
                                "unit": 0
                            }, 
                            {
                                "code": "压平_压平", 
                                "id": "29410924861-2", 
                                "layerNum": 1, 
                                "speed": 160, 
                                "taskType": 0, 
                                "unit": 0
                            }
                        ]
                    }, 
                    {
                        "code": "压平质检", 
                        "id": "29410924862", 
                        "name": "质检", 
                        "resourceRequirementList": [
                            {
                                "id": "29410924808", 
                                "requirement": 1, 
                                "resourceId": "质检"
                            }
                        ], 
                        "taskList": [
                            {
                                "code": "质检_压平质检", 
                                "id": "29410924863-2", 
                                "layerNum": 0, 
                                "speed": 500, 
                                "taskType": 0, 
                                "unit": 0
                            }, 
                            {
                                "code": "质检_压平质检", 
                                "id": "29410924864-2", 
                                "layerNum": 1, 
                                "speed": 500, 
                                "taskType": 0, 
                                "unit": 0
                            }
                        ]
                    }
                ]
            }, 
            "quantity": 150, 
            "type": 0
        }
    ], 
    "outputSetting": { }, 
    "planningPeriod": {
        "endTime": 1667790294409, 
        "startTime": 1667790294409
    }, 
    "planningTimeUnit": "schedule", 
    "relationID": "30002746369", 
    "resourcePool": [
        {
            "availableList": [
                {
                    "capacity": 1, 
                    "code": "打孔设备", 
                    "id": "29410924800", 
                    "period": {
                        "endTime": "2022-11-07 11:04:54", 
                        "startTime": "2022-11-07 11:04:54"
                    }
                }
            ], 
            "code": "打孔", 
            "id": "29410924843", 
            "typeId": "29410924800"
        }, 
        {
            "availableList": [
                {
                    "capacity": 1, 
                    "code": "质检设备", 
                    "id": "29410924808", 
                    "period": {
                        "endTime": "2022-11-07 11:04:54", 
                        "startTime": "2022-11-07 11:04:54"
                    }
                }
            ], 
            "code": "质检", 
            "id": "29410924843", 
            "typeId": "29410924808"
        }, 
        {
            "availableList": [
                {
                    "capacity": 1, 
                    "code": "填孔设备", 
                    "id": "29410924801", 
                    "period": {
                        "endTime": "2022-11-07 11:04:54", 
                        "startTime": "2022-11-07 11:04:54"
                    }
                }
            ], 
            "code": "填孔", 
            "id": "29410924843", 
            "typeId": "29410924801"
        }, 
        {
            "availableList": [
                {
                    "capacity": 1, 
                    "code": "烘干设备", 
                    "id": "29410924803", 
                    "period": {
                        "endTime": "2022-11-07 11:04:54", 
                        "startTime": "2022-11-07 11:04:54"
                    }
                }
            ], 
            "code": "烘干", 
            "id": "29410924843", 
            "typeId": "29410924803"
        }, 
        {
            "availableList": [
                {
                    "capacity": 1, 
                    "code": "质检设备", 
                    "id": "29410924808", 
                    "period": {
                        "endTime": "2022-11-07 11:04:54", 
                        "startTime": "2022-11-07 11:04:54"
                    }
                }
            ], 
            "code": "质检", 
            "id": "29410924843", 
            "typeId": "29410924808"
        }, 
        {
            "availableList": [
                {
                    "capacity": 1, 
                    "code": "压平设备", 
                    "id": "29410924802", 
                    "period": {
                        "endTime": "2022-11-07 11:04:54", 
                        "startTime": "2022-11-07 11:04:54"
                    }
                }
            ], 
            "code": "压平", 
            "id": "29410924843", 
            "typeId": "29410924802"
        }, 
        {
            "availableList": [
                {
                    "capacity": 1, 
                    "code": "质检设备", 
                    "id": "29410924808", 
                    "period": {
                        "endTime": "2022-11-07 11:04:54", 
                        "startTime": "2022-11-07 11:04:54"
                    }
                }
            ], 
            "code": "质检", 
            "id": "29410924843", 
            "typeId": "29410924808"
        }, 
        {
            "availableList": [
                {
                    "capacity": 1, 
                    "code": "打孔设备", 
                    "id": "29410924800", 
                    "period": {
                        "endTime": "2022-11-07 11:04:54", 
                        "startTime": "2022-11-07 11:04:54"
                    }
                }
            ], 
            "code": "打孔", 
            "id": "29427074074", 
            "typeId": "29410924800"
        }, 
        {
            "availableList": [
                {
                    "capacity": 1, 
                    "code": "质检设备", 
                    "id": "29410924808", 
                    "period": {
                        "endTime": "2022-11-07 11:04:54", 
                        "startTime": "2022-11-07 11:04:54"
                    }
                }
            ], 
            "code": "质检", 
            "id": "29427074074", 
            "typeId": "29410924808"
        }, 
        {
            "availableList": [
                {
                    "capacity": 1, 
                    "code": "填孔设备", 
                    "id": "29410924801", 
                    "period": {
                        "endTime": "2022-11-07 11:04:54", 
                        "startTime": "2022-11-07 11:04:54"
                    }
                }
            ], 
            "code": "填孔", 
            "id": "29427074074", 
            "typeId": "29410924801"
        }, 
        {
            "availableList": [
                {
                    "capacity": 1, 
                    "code": "烘干设备", 
                    "id": "29410924803", 
                    "period": {
                        "endTime": "2022-11-07 11:04:54", 
                        "startTime": "2022-11-07 11:04:54"
                    }
                }
            ], 
            "code": "烘干", 
            "id": "29427074074", 
            "typeId": "29410924803"
        }, 
        {
            "availableList": [
                {
                    "capacity": 1, 
                    "code": "质检设备", 
                    "id": "29410924808", 
                    "period": {
                        "endTime": "2022-11-07 11:04:54", 
                        "startTime": "2022-11-07 11:04:54"
                    }
                }
            ], 
            "code": "质检", 
            "id": "29427074074", 
            "typeId": "29410924808"
        }, 
        {
            "availableList": [
                {
                    "capacity": 1, 
                    "code": "压平设备", 
                    "id": "29410924802", 
                    "period": {
                        "endTime": "2022-11-07 11:04:54", 
                        "startTime": "2022-11-07 11:04:54"
                    }
                }
            ], 
            "code": "压平", 
            "id": "29427074074", 
            "typeId": "29410924802"
        }, 
        {
            "availableList": [
                {
                    "capacity": 1, 
                    "code": "质检设备", 
                    "id": "29410924808", 
                    "period": {
                        "endTime": "2022-11-07 11:04:54", 
                        "startTime": "2022-11-07 11:04:54"
                    }
                }
            ], 
            "code": "质检", 
            "id": "29427074074", 
            "typeId": "29410924808"
        }, 
        {
            "availableList": [
                {
                    "capacity": 1, 
                    "code": "印刷设备", 
                    "id": "29410924804", 
                    "period": {
                        "endTime": "2022-11-07 11:04:54", 
                        "startTime": "2022-11-07 11:04:54"
                    }
                }
            ], 
            "code": "印刷", 
            "id": "29427074074", 
            "typeId": "29410924804"
        }, 
        {
            "availableList": [
                {
                    "capacity": 1, 
                    "code": "烘干设备", 
                    "id": "29410924803", 
                    "period": {
                        "endTime": "2022-11-07 11:04:54", 
                        "startTime": "2022-11-07 11:04:54"
                    }
                }
            ], 
            "code": "烘干", 
            "id": "29427074074", 
            "typeId": "29410924803"
        }, 
        {
            "availableList": [
                {
                    "capacity": 1, 
                    "code": "质检设备", 
                    "id": "29410924808", 
                    "period": {
                        "endTime": "2022-11-07 11:04:54", 
                        "startTime": "2022-11-07 11:04:54"
                    }
                }
            ], 
            "code": "质检", 
            "id": "29427074074", 
            "typeId": "29410924808"
        }, 
        {
            "availableList": [
                {
                    "capacity": 1, 
                    "code": "叠片设备", 
                    "id": "29410924805", 
                    "period": {
                        "endTime": "2022-11-07 11:04:54", 
                        "startTime": "2022-11-07 11:04:54"
                    }
                }
            ], 
            "code": "叠片", 
            "id": "29427074074", 
            "typeId": "29410924805"
        }, 
        {
            "availableList": [
                {
                    "capacity": 1, 
                    "code": "质检设备", 
                    "id": "29410924808", 
                    "period": {
                        "endTime": "2022-11-07 11:04:54", 
                        "startTime": "2022-11-07 11:04:54"
                    }
                }
            ], 
            "code": "质检", 
            "id": "29427074074", 
            "typeId": "29410924808"
        }, 
        {
            "availableList": [
                {
                    "capacity": 1, 
                    "code": "层压设备", 
                    "id": "29410924806", 
                    "period": {
                        "endTime": "2022-11-07 11:04:54", 
                        "startTime": "2022-11-07 11:04:54"
                    }
                }
            ], 
            "code": "层压", 
            "id": "29427074074", 
            "typeId": "29410924806"
        }, 
        {
            "availableList": [
                {
                    "capacity": 1, 
                    "code": "质检设备", 
                    "id": "29410924808", 
                    "period": {
                        "endTime": "2022-11-07 11:04:54", 
                        "startTime": "2022-11-07 11:04:54"
                    }
                }
            ], 
            "code": "质检", 
            "id": "29427074074", 
            "typeId": "29410924808"
        }, 
        {
            "availableList": [
                {
                    "capacity": 1, 
                    "code": "热切设备", 
                    "id": "29410924807", 
                    "period": {
                        "endTime": "2022-11-07 11:04:54", 
                        "startTime": "2022-11-07 11:04:54"
                    }
                }
            ], 
            "code": "热切", 
            "id": "29427074074", 
            "typeId": "29410924807"
        }, 
        {
            "availableList": [
                {
                    "capacity": 1, 
                    "code": "打孔设备", 
                    "id": "29410924800", 
                    "period": {
                        "endTime": "2022-11-07 11:04:54", 
                        "startTime": "2022-11-07 11:04:54"
                    }
                }
            ], 
            "code": "打孔", 
            "id": "29410924843", 
            "typeId": "29410924800"
        }, 
        {
            "availableList": [
                {
                    "capacity": 1, 
                    "code": "质检设备", 
                    "id": "29410924808", 
                    "period": {
                        "endTime": "2022-11-07 11:04:54", 
                        "startTime": "2022-11-07 11:04:54"
                    }
                }
            ], 
            "code": "质检", 
            "id": "29410924843", 
            "typeId": "29410924808"
        }, 
        {
            "availableList": [
                {
                    "capacity": 1, 
                    "code": "填孔设备", 
                    "id": "29410924801", 
                    "period": {
                        "endTime": "2022-11-07 11:04:54", 
                        "startTime": "2022-11-07 11:04:54"
                    }
                }
            ], 
            "code": "填孔", 
            "id": "29410924843", 
            "typeId": "29410924801"
        }, 
        {
            "availableList": [
                {
                    "capacity": 1, 
                    "code": "烘干设备", 
                    "id": "29410924803", 
                    "period": {
                        "endTime": "2022-11-07 11:04:54", 
                        "startTime": "2022-11-07 11:04:54"
                    }
                }
            ], 
            "code": "烘干", 
            "id": "29410924843", 
            "typeId": "29410924803"
        }, 
        {
            "availableList": [
                {
                    "capacity": 1, 
                    "code": "质检设备", 
                    "id": "29410924808", 
                    "period": {
                        "endTime": "2022-11-07 11:04:54", 
                        "startTime": "2022-11-07 11:04:54"
                    }
                }
            ], 
            "code": "质检", 
            "id": "29410924843", 
            "typeId": "29410924808"
        }, 
        {
            "availableList": [
                {
                    "capacity": 1, 
                    "code": "压平设备", 
                    "id": "29410924802", 
                    "period": {
                        "endTime": "2022-11-07 11:04:54", 
                        "startTime": "2022-11-07 11:04:54"
                    }
                }
            ], 
            "code": "压平", 
            "id": "29410924843", 
            "typeId": "29410924802"
        }, 
        {
            "availableList": [
                {
                    "capacity": 1, 
                    "code": "质检设备", 
                    "id": "29410924808", 
                    "period": {
                        "endTime": "2022-11-07 11:04:54", 
                        "startTime": "2022-11-07 11:04:54"
                    }
                }
            ], 
            "code": "质检", 
            "id": "29410924843", 
            "typeId": "29410924808"
        }
    ]
}